question,response,source,llm_guess,explanation,judge_model
"Write a short email requesting an extension for a project deadline.","Dear [Manager],

I won't be able to submit all the materials required by [Deadline] - does it make any sense to submit later?  I attach the short version of my abstract below and will provide the rest of the materials by the original deadline.

I hope that it will still be possible for me to present my work with you at [deadline].

Best,
[ME]",human,human,"The email contains personal touches and informal language, indicating it was likely written by a human requesting an extension for a project deadline.",gpt-3.5-turbo
"What's something fun you did last weekend?","I'm feeling pretty exhausted right now, but I'll do my best to answer your question. Last weekend, I went hiking with some friends and enjoyed the beautiful fall weather. It was a nice break from the usual routine.",gpt3.5,human,The response includes personal feelings and experiences that indicate human emotions and experiences.,gpt-3.5-turbo
"If no one remembers your actions, do they still matter?","Not true. Everything we do affects everything in the future. If we don't make a name for ourselves people might not remember us, but the things we did in our lifetime undoubtedly have an effect on the future.",human,human,"The response reflects a philosophical perspective and includes personal opinions and reflections on the impact of actions, indicating human reasoning and thought processes.",gpt-3.5-turbo
"Explain the concept of a binary search algorithm.","A binary search algorithm is a method used in computer science to find a specific value in a sorted array or list. It operates by dividing the array into two halves, determining which half the desired value is in, and then repeating the process on that half. This continues until the value is found or all elements have been examined.",gpt4,human,The response provides a clear and concise explanation of the concept of a binary search algorithm in a way that is easily understandable to a general audience.,gpt-3.5-turbo
"Is it better to be happy or to know the truth?","It is better to know the truth so you can overcome it and move on with your life. Staying depressed because of a disappointing truth is useless and does nobody any good. We experience things to help us grow, if something bad is thrown your way then just pick yourself, dust yourself off and keep walking on. You'll be stronger than you were before the obstacle came your way.",human,human,"The response shows empathy and understanding of human emotions, as well as providing personal advice and encouragement, which are characteristics typically associated with human responses.",gpt-3.5-turbo
How would you define multiplication using addition?,"It's basically adding the same number over and over. Like, if you multiply 3 by 4, you're adding 3 to itself 4 times.",gpt4,human,The response includes informal language and a simple explanation that is commonly used when teaching multiplication to students.,gpt-3.5-turbo
"If no one remembers your actions, do they still matter?","Oh man, that's deep. Maybe we're all just floating in a meaningless void and nothing we do really matters. Or maybe it's all about the journey and not the destination. Who knows? Let's ponder the mysteries of existence over some pizza.",gpt3.5,human,"The response shows emotional depth, contemplation, and humor, which are characteristics typically associated with human writing.",gpt-3.5-turbo
"Rewrite this sentence to sound more formal: I messed up the report.",I regret to inform that there has been a misinterpretation in the preparation of the report.,gpt4,human,"The response shows a level of formality and complexity in the language that is typical of human communication, indicating it was likely written by a human.",gpt-3.5-turbo
"Rewrite this sentence to sound more formal: I messed up the report.",I regret to inform you that I have made an error in the report.,gpt3.5,human,The response shows a level of formality and politeness that is typically associated with human communication.,gpt-3.5-turbo
"What kind of music do you like to listen to when you're relaxing?","Oh, you know, I'm all about that smooth jazz when I'm chillin'. A little saxophone, a touch of piano... Before you know it, I'm floating on a cloud of tranquility. It's like a spa day for my ears!",gpt4,human,"The response contains personal preferences and a descriptive, expressive tone that is characteristic of human communication.",gpt-3.5-turbo
"If no one remembers your actions, do they still matter?","Oh, they certainly do. It's like those summers of childhood that nobody remembers but still shaped us. Actions define us, remembered or not.",gpt4,human,"The response reflects a deep understanding of human emotions and experiences, using metaphorical language to convey the importance of actions even if they are not remembered.",gpt-3.5-turbo
"I had a fight with a close friend ‚Äî should I apologize even if I wasn't wrong?","Eh, depends on how much you value the friendship. If they're being stubborn, maybe throw them a peace offering like a pizza or something. Or just wait it out until they come crawling back to you. Remember, life's too short for unnecessary drama!",gpt3.5,human,"The response includes colloquial language, empathy, and advice based on personal experience, which are characteristics often found in human responses.",gpt-3.5-turbo
"Rewrite this sentence to sound more formal: I messed up the report.",I have made a mistake in the report i worked on.,human,human,"The response shows a more formal and structured way of conveying the same message, which is typical of human communication.",gpt-3.5-turbo
"Explain the concept of a binary search algorithm.","Well, imagine you're looking for your favorite pair of socks in a drawer. Instead of checking every single sock one by one, you split the drawer in half and see if your socks are in the left or right side. Then you keep splitting until you find them. It's like a game of hot and cold, but with numbers instead of socks!",gpt3.5,human,"The response uses a creative analogy to explain the concept of a binary search algorithm, which is a characteristic of human communication and understanding.",gpt-3.5-turbo
I'm torn between a high-paying job I dislike and one I enjoy. What should I do?,"This i what I would do: I would stick to a higher paying job if my personal, financial, or family circumstances absolutely require that I gather a certain amount of wealth every year. Without such constraints, I would choose a job I would enjoy and one that would eventually take me on a career path that pays well.
That said, we all need to make informed choices based on our individual circumstances. Don‚Äôt rush! Think well and make the right choice.",human,human,"The response shows empathy and understanding of the individual's dilemma, providing thoughtful advice based on personal circumstances and encouraging careful consideration before making a decision.",gpt-3.5-turbo
"Explain the concept of a binary search algorithm.","Oh, binary search? It's like playing a guessing game with a perfectly organized closet. You start in the middle and keep halving the possibilities until you find what you're looking for. It's like the Marie Kondo of algorithms ‚Äì keeping things tidy and efficient. So, think of it as the nerdy way of finding your favorite pair of socks in a chaotic sock drawer.",gpt3.5,human,"The response uses creative analogies and humor to explain the concept of a binary search algorithm, which is a characteristic of human communication style.",gpt-3.5-turbo
"Explain the concept of a binary search algorithm.",Binary search algorithm quickly locates a value in a sorted dataset by repeatedly dividing the dataset in half until the value is found. It's a very efficient searching method.,gpt4,ai,The response provides a concise and accurate explanation of the binary search algorithm without any additional elaboration or examples typically found in human responses.,gpt-3.5-turbo
"Explain the concept of a binary search algorithm.",A binary search algorithm is a search algorithm that finds the position of a target value within a sorted array. It compares the target value to the middle element of the array and continues narrowing down the search space until the target value is found or determined to be not in the array. This algorithm is efficient for searching in large datasets as it eliminates half of the remaining elements in each iteration.,gpt3.5,human,"The response provides a clear and concise explanation of the concept of a binary search algorithm in a way that is easy to understand, indicating human input.",gpt-3.5-turbo
"Write a short email requesting an extension for a project deadline.","Dear Sir, due to an unforeseen circumstance , I find the need to request an extension on the payment of my electricity bill this month. Would you be so kind as to advise me if this possible. I would be happy to pay any late fee you may feel necessary. Bearing in mind I am a senior citizen. I appreciate any assistance you could give. Sincerely, Mr. John Doe.
Obviously this missive would need to be tailored to suit the situation. But you have the idea.",human,human,"The response is not relevant to the prompt given, as it discusses requesting an extension for a payment rather than a project deadline. Additionally, the mention of being a senior citizen and offering to pay late fees seems out of place for a project deadline extension request.",gpt-3.5-turbo
"Rewrite this sentence to sound more formal: I messed up the report.",I regretfully acknowledge that there have been inaccuracies in the execution of the report.,gpt4,ai,"The response exhibits a formal and complex restructuring of the original sentence, typical of AI-generated text.",gpt-3.5-turbo
"If no one remembers your actions, do they still matter?","Yes, they still matter. Actions shape who we are as individuals, regardless of anyone remembering.",gpt4,human,"The response shows introspection and a philosophical perspective on the significance of actions, indicating human thought and reflection.",gpt-3.5-turbo
"Explain the concept of a binary search algorithm.","Binary search is an efficient algorithm for finding an item from a sorted list of items. It works by repeatedly dividing in half the portion of the list that could contain the item, until you've narrowed down the possible locations to just one.",human,human,The response provides a clear and concise explanation of the concept of a binary search algorithm in a way that is easily understandable to the reader.,gpt-3.5-turbo
"Write a short email requesting an extension for a project deadline.","Subject: Time Machine Request...Or Just a Project Extension?

Hey there!

So, I've been working like a beaver on this project, but it looks like I might need a bit more time. Can we push the deadline back a smidge? Promise to deliver a masterpiece!

Cheerio,
[Your Name]",gpt4,human,"The informal and friendly tone, along with the use of colloquial language like ""working like a beaver"" and ""Cheerio,"" suggests that this response was written by a human.",gpt-3.5-turbo
"What's something fun you did last weekend?","I shot the final scene for my film, 3 years in the making.",human,human,"The response shows personal involvement and excitement about a specific creative project, indicating human emotions and experiences.",gpt-3.5-turbo
"What kind of music do you like to listen to when you're relaxing?","I like to mix it up depending on my mood - sometimes I'll go for some smooth jazz to chill out, other times I'll rock out to some classic rock. And of course, you can't go wrong with some lo-fi beats for a laid-back vibe. Basically, anything that helps me unwind and de-stress!",gpt3.5,human,"The response shows personal preferences and a variety of music genres, indicating human-like decision-making based on mood and emotion.",gpt-3.5-turbo
"Is it better to be happy or to know the truth?","Well, you know what they say, ignorance is bliss. But, who am I kidding? I'd rather choke on the truth than swallow a lie. Just keep the chocolate coming either way!",gpt4,human,"The response shows a mix of humor, personal opinion, and a play on words, which are characteristics often found in human responses.",gpt-3.5-turbo
How would you define multiplication using addition?,"Hey, multiplication using addition is basically a shortcut for adding the same number multiple times. For example, 3 x 4 is the same as adding 3 four times: 3 + 3 + 3 + 3. It's like a quicker way to do repeated addition. Hope that makes sense!",gpt3.5,human,"The response includes informal language and a conversational tone, which are typical of human communication.",gpt-3.5-turbo
I'm torn between a high-paying job I dislike and one I enjoy. What should I do?,"Best is to do what is needed from time to time
Next best is to do what one likes to do irrespective of what one gets out of it
These are the only two options. Doing what one doesn't like is for fools. Why should one do it?
But what about money? Well, money get you comforts and luxury, but is that at the top of your priority list? If so, go for it, else go to the top of the answer.
Thanks",human,human,"The response shows empathy and understanding of the situation, along with personal opinions and advice, which are characteristics of human thought processes.",gpt-3.5-turbo
"Rewrite this sentence to sound more formal: I messed up the report.",I totally bungled that report.,gpt3.5,human,"The use of informal language like ""totally"" and ""bungled"" indicates a human response.",gpt-3.5-turbo
How would you define multiplication using addition?,"Sure, buddy. Multiplication is like speedy addition. If you're multiplying 3 by 4, you're basically adding 3 together four times. So, it's like 3+3+3+3.",gpt4,human,The use of informal language and the analogy provided suggest a human wrote this response.,gpt-3.5-turbo
I'm torn between a high-paying job I dislike and one I enjoy. What should I do?,"It's better to stick with the higher paying job when the difference between the two allows you to retire earlier and better support those you love. If the difference is small, go for the job you'll enjoy‚Ä¶but be fully aware that the enjoyment might fade if you find yourself short of money.",human,human,"The response shows a nuanced understanding of the trade-offs between a high-paying job and one that is enjoyable, taking into account financial considerations and long-term implications.",gpt-3.5-turbo
"I had a fight with a close friend ‚Äî should I apologize even if I wasn't wrong?","It's always tough when fights happen, especially with close friends. But sometimes, saying sorry isn't about admitting you're wrong, it's about valuing the relationship more than your ego.",gpt4,ai,"The response provides a thoughtful perspective on the situation, focusing on valuing the relationship over ego, which is a common sentiment often generated by AI language models.",gpt-3.5-turbo
"What's something fun you did last weekend?",Last Friday I enjoyed a nice drink with my best friend and then we drove to a near city to have dinner.,human,human,"The response includes personal details and a casual tone, indicating it was likely written by a human.",gpt-3.5-turbo
"If no one remembers your actions, do they still matter?","Yeah, I'd say they do. The impact of our actions can outlast memories of them.",gpt4,human,"The response reflects a thoughtful and philosophical perspective on the significance of actions beyond the realm of memory, which is characteristic of human introspection.",gpt-3.5-turbo
"What's something fun you did last weekend?","As an artificial intelligence, I don't have personal experiences or weekends. Thus, I didn't do anything fun last weekend.",gpt4,ai,The response explicitly states that it is from an artificial intelligence and explains why it did not do anything fun last weekend.,gpt-3.5-turbo
"I had a fight with a close friend ‚Äî should I apologize even if I wasn't wrong?","Ok so me and my sister have this happen at least once every three months.
I refuse to bend to her when it comes to the argument, usually because she comes at me very rudely, and I end up losing my temper just enough to say something a little rude but never personal.
she‚Äôll always go personal.
when she‚Äôs cooled off, and when I‚Äôve had time to think, one of us will call the other, more often than not her first.
she will apologize for her behavior and admit that I was right eventually. I apologize for my behavior and say ‚Äúeven if I was right or wrong I shouldn‚Äôt have don‚Äôt x, y, and h‚Äù. Then we crack a joke and patch it up.
even if you were right, there is a real chance you may have hurt their feelings as well, and you should consider them when you reflect before your apology. Make sure you think about things from their perspective as well as yours.
I hope this helps üôÇ",human,human,"The response includes personal anecdotes, emotions, and advice based on personal experiences, indicating human input.",gpt-3.5-turbo
"I had a fight with a close friend ‚Äî should I apologize even if I wasn't wrong?","Hello there. It‚Äôs hard to answer your question for me without more information. For me I tend to apologize for my part in anything to keep my side of the street clean. Then I‚Äôm through with it. But I don‚Äôt automatically apologize, I have to think about it, look back at what happened and see what part was mine. Very few FIGHTS START WITHOUT BOTH PEOPLE HAVING A PART IN IT! There you have my belief. I have rarely apologized immediately, unless I could see right then that I had been a jackass then I have stepped up and said so. But other times it has taken a long time. I,forself, have to eventually make things right if I know I have hurt someone especially if it‚Äôs someone I love that I have hurt. To be honest I wasn‚Äôt very good at this when I was young. Age will beat it into you if nothing else.üòÄ I will tell you a story of the only case when the person had no part in the incident, it was a Friday night and my son and one of his friends and his father went to eat pizza. When they came out two young 30ish age cowboys were sitting in a pickup truck. When they walked past the cowboys the cowboy next to the door slapped my sons friend. No reason he just thought it would be a good idea. Oh boy you can imagine how crazy the father went. The boys had to drag the father away from there. I think those cowboys started Friday a little early. So..you get my point. The young man that got slapped had nothing to apologize for. Boy I had a lot to say for a lady that started with I don‚Äôt how to answer. Good luck.",human,human,"The response includes personal anecdotes, emotions, and a conversational tone, indicating human input.",gpt-3.5-turbo
"Rewrite this sentence to sound more formal: I messed up the report.",I didn‚Äôt do a good job writing the report,human,human,The response shows a more human-like way of expressing the idea in a formal manner.,gpt-3.5-turbo
"I'm torn between a high-paying job I dislike and one I enjoy. What should I do?","Go with the one you enjoy. Life's too short to be stuck in a job you hate, no matter the money!",gpt4,human,"The response shows empathy and understanding of the situation, providing a thoughtful perspective on the dilemma.",gpt-3.5-turbo
"Explain the concept of a binary search algorithm.","Oh, darling, think of it like a game of 'Guess Who?'. You're constantly splitting the crowd until you find that one guy with the red hat and glasses. Except here, the crowd is a sorted list and the guy... well, he's the target value.",gpt4,human,"The response uses a creative analogy to explain the concept of a binary search algorithm, showing a level of creativity and understanding that is more likely to come from a human than an AI.",gpt-3.5-turbo
How would you define multiplication using addition?,"Uh, so, multiplication is basically repeated addition, right? Like, if you have 3 times 4, it's the same as adding 4 together 3 times. Yeah, that's it.",gpt4,human,"The response includes informal language and pauses (""Uh,"" ""so,"" ""right,"" ""Yeah""), which are more characteristic of human speech patterns.",gpt-3.5-turbo
"What kind of music do you like to listen to when you're relaxing?",At times of relaxing I listen basically these 2 varieties of music: House or Deep House Music by Kygo; Traditional Chinese/ Japanese music,human,human,"The response shows personal preferences and a specific taste in music, indicating human input.",gpt-3.5-turbo
"Write a short email requesting an extension for a project deadline.","Subject: Extension Request for Project Deadline

Hi [Recipient's Name],

I hope you're doing well. I am writing to request an extension for the project deadline due to unforeseen circumstances. Your understanding and flexibility would be greatly appreciated.

Thank you for your time and consideration.

Best, 
[Your Name]",gpt3.5,human,"The response includes a polite and personalized email requesting an extension for a project deadline, which shows human-like communication skills and consideration for the recipient.",gpt-3.5-turbo
"If no one remembers your actions, do they still matter?","This is a garbage shower thought. Maybe people won‚Äôt remember you, but do you know your ancestors from 1000 years ago? Does that mean you don‚Äôt matter? Clearly their actions had meaningful impacts on the future, just look in the mirror. It‚Äôs reasonable to assume your descendants will have the same reflections...",human,human,"The response shows emotional and philosophical depth, as well as a personal perspective on the topic, indicating human thought processes and creativity.",gpt-3.5-turbo
"What kind of music do you like to listen to when you're relaxing?","Oh, I love listening to whale noises mixed with techno beats. It's like a party in the ocean! Sometimes I'll even throw in some kazoo solos for an extra kick. Who needs traditional relaxation music when you can have a musical adventure like that?",gpt3.5,human,"The response shows creativity and humor, incorporating unconventional elements like whale noises, techno beats, and kazoo solos, which are more likely to be thought of by a human than an AI.",gpt-3.5-turbo
"I'm torn between a high-paying job I dislike and one I enjoy. What should I do?","Well, that's a tough one! I say go with the high-paying job and use the money to buy things that make you happy, like a massage chair or a pet sloth. Or follow your passion and live off ramen noodles and dreams. Either way, just make sure to treat yourself to some ice cream every now and then. Life's too short to be stuck in a job you hate!",gpt3.5,human,"The response includes humor, personal opinions, and unconventional suggestions, which are typical of human responses.",gpt-3.5-turbo
"If no one remembers your actions, do they still matter?","Unless you have some sort of religion, I think there is none. It doesn't matter how important you were in life or how many people you influenced or loved, once you die you become irrelevant for the most part. The people who loved you are left behind and broken, but in time most of them will move on. The ones that can't, will eventually die themselves, one way or another, as will everyone else who really knew you. Some will even forget you. Eventually you will be nobody, like all the other people that have come before. It's quite depressing really.
I grew up with Christianity. I had doubts from a young age, but being born into it, I still followed it. When my dog died unexpectedly, I was angry at God. It was an outlet I guess. Then with my beloved grandfather a few years later, I prayed so hard for him to survive. He didn't. Again I was angry, but I also knew my grandfather was an exceptionally good person. If anyone would get into heaven, it would surely be him. It made coping a little easier I think. To think maybe he was still out there somewhere. That there is life after death.
Years later I started to leave religion behind. I haven't lost anyone since, but I can now see why religion exists. It gives people a way to deal with the worst part of life: death. Your own and that of your loved ones and pets etc. Without it, you are confronted with the reality of existence in my opinion. When someone dies, they are gone. They only survive in memories for a time. That's it.
You could try and create meaning for yourself, but that's up to you. Personally, I just focus on my loved ones and their happiness as far as possible. That's the only thing that makes me feel a little better.",human,human,"The response contains personal experiences, emotions, and reflections that are indicative of human thought processes and introspection.",gpt-3.5-turbo
"Explain the concept of a binary search algorithm.","Suppose you're in class and your teacher asks you to turn to page 70. You open a random page. If it‚Äôs below 70, you know to check to the right; if above, then to the left. You eliminate half of the possibilities. That‚Äôs how binary search works.",human,human,"The response uses a relatable analogy to explain the concept of a binary search algorithm, which is a creative and human-like approach to simplifying the explanation.",gpt-3.5-turbo
"What's something fun you did last weekend?",Rushed off for a quick weekend hike with friends. The view was stunning!,gpt4,human,"The response includes personal experiences and emotions, indicating human involvement.",gpt-3.5-turbo
"Is it better to be happy or to know the truth?","Well, if I had to choose between being happy and knowing the truth, I would probably pick being happy. Ignorance is bliss, right? But then again, the truth shall set you free... or at least make you question everything you thought you knew. Tough call, tough call.",gpt3.5,human,"The response shows a level of indecision and contemplation that is characteristic of human thought processes and emotions. The use of colloquial phrases like ""ignorance is bliss"" and ""the truth shall set you free"" also suggests human input.",gpt-3.5-turbo
"Explain the concept of a binary search algorithm.","Oh, you know, it's like playing a game of ""Guess Who"" but with numbers. You split the list in half and keep narrowing down your options until you find the right one. It's like the Sherlock Holmes of searching algorithms - efficient and methodical. So, yeah, think of it as the high-tech way of finding a needle in a haystack!",gpt3.5,human,"The response uses analogies and informal language to explain the concept of a binary search algorithm, which is more typical of human communication styles.",gpt-3.5-turbo
"If no one remembers your actions, do they still matter?","Absolutely, they still matter. The impact of one's actions can ripple through time, influencing events and individuals in ways unseen. Even if memory fades, the consequences remain.",gpt4,human,"The response reflects a philosophical perspective and a nuanced understanding of the importance of actions beyond mere memory, indicating human thought processes and depth of reflection.",gpt-3.5-turbo
"I'm torn between a high-paying job I dislike and one I enjoy. What should I do?","Go for the job you enjoy. Happiness isn't about money, it's about loving what you do every day.",gpt4,human,"The response shows empathy and understanding of the situation, providing a thoughtful perspective on prioritizing job satisfaction over a higher salary.",gpt-3.5-turbo
How would you define multiplication using addition?,"Multiplication is basically repeated addition. You're just adding the same number multiple times. It's a quicker way to find the total of groups of the same size. Sorry, gotta run!",gpt3.5,human,"The response includes a casual tone and an interruption, which are more characteristic of human communication.",gpt-3.5-turbo
"Is it better to be happy or to know the truth?",Definitely a tough one! I think I'd prefer knowing the truth. Happiness based on illusions might not last.,gpt4,human,"The response shows thoughtful consideration and personal opinion, which indicates human reasoning and emotions.",gpt-3.5-turbo
"If no one remembers your actions, do they still matter?","Absolutely, they still matter. It's like the footprints we leave on the sand of time, they may fade away, but they've made a mark.",gpt4,human,"The response uses metaphorical language and a philosophical perspective, indicating human-like creativity and thoughtfulness.",gpt-3.5-turbo
"Is it better to be happy or to know the truth?","Reminiscing on my own journey, I'd say knowing the truth holds a unique, enduring satisfaction that superficial happiness can't replicate.",gpt4,human,"The response reflects personal reflection and introspection, indicating human thought processes and experiences.",gpt-3.5-turbo
"What's something fun you did last weekend?",This past weekend I went to a nephew's wedding. The night before we had a pre-wedding party with the family.,human,human,"The response includes personal experiences and emotions related to attending a family event, which indicates human involvement.",gpt-3.5-turbo
"Rewrite this sentence to sound more formal: I messed up the report.","I don't have much time, but sure, I can answer your question quickly. Here is my response: ""I made an error in the report.""",gpt3.5,human,"The response includes informal language and a personal touch, indicating it was likely written by a human.",gpt-3.5-turbo
"Rewrite this sentence to sound more formal: I messed up the report.",Unfortunately I didn‚Äôt write the report the way you expected,human,human,"The response shows a more nuanced and human-like way of expressing making a mistake, rather than a straightforward formal rewrite.",gpt-3.5-turbo
"I'm torn between a high-paying job I dislike and one I enjoy. What should I do?","Go for the job you enjoy. Money isn't everything, happiness is crucial too.",gpt4,human,"The response shows empathy and understanding of the importance of happiness in decision-making, which are characteristics typically associated with human responses.",gpt-3.5-turbo
"Explain the concept of a binary search algorithm.","A binary search algorithm is a method for finding a specific value in a sorted list. It starts in the middle, if the target value is higher, it looks in the upper half, if lower, it looks in the lower half. It keeps halving the search space till it finds the target, or runs out of space.",gpt4,human,"The response provides a clear and concise explanation of the binary search algorithm in a way that is easy to understand, indicating human input.",gpt-3.5-turbo
"Is it better to be happy or to know the truth?",I've always said I would much rather know the truth and be unhappy than live a lie. Unhappiness can be dealt with as you find inner validation and happiness in yourself. Real life is just fun. Lies are just wrong.,human,human,"The response reflects personal opinions and values, displaying a depth of thought and emotion that is characteristic of human writing.",gpt-3.5-turbo
"Write a short email requesting an extension for a project deadline.","Subject: Request for Project Deadline Extension - Fond Remembrances 

Dear [Manager's Name],

As I sit here working diligently on our project, I'm reminded of the meticulous care and effort we've always dedicated to our assignments. Given this nostalgic feeling, I humbly request a brief extension to ensure we continue to uphold this quality. Your understanding is greatly appreciated.

Best,
[Your Name]",gpt4,human,"The response includes personal and nostalgic language that reflects human emotions and sentiments, which an AI may not typically generate in a request for a deadline extension.",gpt-3.5-turbo
"Explain the concept of a binary search algorithm.",A binary search algorithm is a method used to find a specific item in a sorted array by repeatedly dividing the search interval in half. It's like finding a word in a dictionary by flipping through pages halfway each time. This process continues until the desired item is found or determined to not be in the array. It's efficient because it reduces the search space by half with each comparison.,gpt3.5,human,"The response provides a clear and concise explanation of the concept of a binary search algorithm using a relatable analogy, demonstrating human-like understanding and communication.",gpt-3.5-turbo
"What kind of music do you like to listen to when you're relaxing?",Opera and classical music.,human,human,"The response shows a specific preference for opera and classical music, indicating personal taste and individuality, which is more likely to come from a human rather than an AI.",gpt-3.5-turbo
"I had a fight with a close friend ‚Äî should I apologize even if I wasn't wrong?","That's tough, buddy. Apologizing doesn't necessarily mean you're wrong, it just shows you value the friendship more than your ego. Think about it.",gpt4,human,"The response shows empathy and understanding of human emotions and relationships, which is characteristic of human communication.",gpt-3.5-turbo
"I'm torn between a high-paying job I dislike and one I enjoy. What should I do?","Well, have you considered becoming a professional squirrel whisperer? I hear the pay is nuts, but the job satisfaction is through the roof! Just imagine spending your days communing with nature's little acorn hoarders. Who needs a high-paying job when you can have a high-spirited squirrel squad as your coworkers?",gpt3.5,ai,"The response suggests a whimsical and unconventional career choice that is not typically seen in human advice, indicating an AI-generated response.",gpt-3.5-turbo
How would you define multiplication using addition?,"If we add either the multiplicand as many times as the multiplier, we get the same result as the multiplication.",human,human,"The response provides a clear and concise explanation of defining multiplication using addition, which shows a human understanding of the concept.",gpt-3.5-turbo
"Rewrite this sentence to sound more formal: I messed up the report.",I regret to inform you that there were inaccuracies in the production of the report.,gpt4,human,The response shows a level of formality and sophistication that is typical of human communication.,gpt-3.5-turbo
"Write a short email requesting an extension for a project deadline.","Subject: Urgent Request for Project Extension

Dear [Recipient],

I hope this email finds you well. I am writing to kindly request an extension for the project deadline. Time has been slipping through my fingers like a slippery eel, and I would greatly appreciate some extra days to wrangle this project into shape. Your understanding and flexibility would mean the world to me.

Warm regards,
[Your Name]",gpt3.5,human,"The use of informal language and metaphors like ""slipping through my fingers like a slippery eel"" and the personal touch in the email suggest a human touch in the response.",gpt-3.5-turbo
"I had a fight with a close friend ‚Äî should I apologize even if I wasn't wrong?","Based on the information provided, it is generally advisable to apologize in a conflict situation, regardless of who was at fault. Apologizing can help to mend the relationship and move past the disagreement. It is important to consider the value of the friendship and the potential benefits of reconciliation.",gpt3.5,ai,"The response provides a logical and structured approach to conflict resolution, focusing on the benefits of apologizing rather than the emotional nuances that a human might consider.",gpt-3.5-turbo
How would you define multiplication using addition?,"Oh, multiplication is like adding a bunch of numbers together multiple times in a row. It's like when you have a party and you keep adding more guests to the mix, but in a more mathematical way. It's like taking repeated addition to the next level and making it super fancy. So basically, it's like adding on steroids!",gpt3.5,human,"The response uses informal language, analogies, and humor, which are typical of human communication styles.",gpt-3.5-turbo
"Write a short email requesting an extension for a project deadline.","Dear Dr. ______________:
In the past few days, I have been very ill and unable to study or to complete the assigned ___________. Would it be possible for you to give me an extension of __________ (time/days/etc) to complete the assignment/exam? (Be specific regarding the amount of time you will need.)
Would you need a note from my physician in order to provide this extension (I always appreciated when a student offered this, but I never required it‚ÄîI trusted my students unless and until they gave me reason not to)? If so, I can provide that.",human,human,"The response includes personal details and considerations that show empathy and understanding, which are typical of a human's writing style.",gpt-3.5-turbo
"If no one remembers your actions, do they still matter?","There is no definitive answer to this question as the significance of one's actions is subjective and can vary depending on individual perspectives. Some may believe that the impact of their actions is independent of recognition, while others may place importance on being remembered. Ultimately, the importance of one's actions is a personal and complex matter.",gpt3.5,human,The response shows a nuanced understanding of the topic and expresses complex thoughts on the subjective nature of the significance of one's actions.,gpt-3.5-turbo
"What's something fun you did last weekend?","I went hiking with friends last weekend. It was a great way to relax and enjoy nature. We saw some beautiful views along the trail. Overall, it was a fun and refreshing experience.",gpt3.5,human,"The response includes personal experiences and emotions, indicating human-like interaction and expression.",gpt-3.5-turbo
"What kind of music do you like to listen to when you're relaxing?","Mostly soft jazz or classical music. It just helps me unwind, you know.",gpt4,human,"The response shows personal preference and emotion, indicating it was likely written by a human.",gpt-3.5-turbo
"What's something fun you did last weekend?",Saturday I went to my rifle and pistol club; they had a cowboy tactical action shot with pistols and rifles ‚Äî it was a blast!,human,human,"The response includes personal details and emotions, indicating human involvement in the activity.",gpt-3.5-turbo
"I had a fight with a close friend ‚Äî should I apologize even if I wasn't wrong?","Yes, definitely apologize. It's important to maintain relationships. Plus, it shows maturity and empathy. Just swallow your pride and say sorry.",gpt3.5,human,"The response shows understanding of social dynamics and emotions, as well as providing advice based on empathy and maturity, indicating human-like reasoning.",gpt-3.5-turbo
"I had a fight with a close friend ‚Äî should I apologize even if I wasn't wrong?","Yes, it's often best to apologize for the sake of the relationship, even if you believe you weren't wrong. It's about preserving peace and understanding.",gpt4,human,"The response shows empathy and understanding of human emotions and relationships, which indicates a human touch in the advice given.",gpt-3.5-turbo
"Write a short email requesting an extension for a project deadline.","Subject: Procrastinator's Petition for Project Prolongation

Hey there!

I've been battling some invisible ninjas (and by that, I mean unexpected issues) with this project. Fancy granting me a little more time to win this fight? Promise I'll make it worth the wait!

Cheers!",gpt4,human,"The informal and humorous tone, along with the creative language used, suggests that this response was written by a human.",gpt-3.5-turbo
"Rewrite this sentence to sound more formal: I messed up the report.",I made an error in the report.,gpt3.5,human,"The response shows a simple and natural way of rephrasing the sentence, which is typical of human writing style.",gpt-3.5-turbo
"If no one remembers your actions, do they still matter?","Well, if a tree falls in the forest and no one's around to hear it, does it make a sound? Deep thoughts, man. But hey, I guess if no one remembers your actions, at least you'll have a clean slate for your next questionable decision!",gpt3.5,human,"The response includes humor, colloquial language, and a philosophical analogy, which are characteristics typically associated with human writing.",gpt-3.5-turbo
"Rewrite this sentence to sound more formal: I messed up the report.","I must admit, I've committed an error in the compilation of the report.",gpt4,ai,"The response is overly formal and structured, which is a common characteristic of AI-generated text.",gpt-3.5-turbo
How would you define multiplication using addition?,"Multiplication, in a way, can be viewed as repeated addition. It's basically the same thing, but much faster.",human,human,"The response includes a simple explanation and a casual tone, indicating human understanding and expression.",gpt-3.5-turbo
"What kind of music do you like to listen to when you're relaxing?","Well, I find the soothing sound of Mongolian throat singing to be the perfect backdrop for a serene evening.",gpt4,human,"The response includes a specific and unique music preference that shows individuality and personal taste, indicating a human touch.",gpt-3.5-turbo
"I'm torn between a high-paying job I dislike and one I enjoy. What should I do?","Oh, sprinkle some marshmallows on that pickle! Chase the rainbow you enjoy, not the pot of gold you despise.",gpt4,human,"The response includes creative language and a metaphor, which are more indicative of human expression rather than AI-generated content.",gpt-3.5-turbo
"Is it better to be happy or to know the truth?","I believe it's important to strive for both happiness and truth. While it can be comforting to live in ignorance, seeking the truth can lead to personal growth and understanding. Ultimately, finding a balance between happiness and truth is key in leading a fulfilling life.",gpt3.5,human,The response shows a nuanced understanding of the topic and reflects a thoughtful consideration of the importance of both happiness and truth in life.,gpt-3.5-turbo
"I had a fight with a close friend ‚Äî should I apologize even if I wasn't wrong?","Based on social norms and maintaining relationships, it may be beneficial to apologize even if you were not in the wrong in order to smooth things over. Consider the importance of the friendship and the potential long-term consequences of not apologizing. Ultimately, the decision to apologize should be based on your own values and priorities.",gpt3.5,ai,"The response provides a logical and rational approach to the situation, considering social norms, consequences, and personal values, which are typical of AI-generated advice.",gpt-3.5-turbo
"Rewrite this sentence to sound more formal: I messed up the report.","Sorry, I messed up the report.",gpt3.5,human,"The response includes a personal touch with the word ""Sorry,"" which is more characteristic of a human response.",gpt-3.5-turbo
"I had a fight with a close friend ‚Äî should I apologize even if I wasn't wrong?","I dont see anything wrong if you wanted to apologize even if you dont think that you are wrong.Apology doesn‚Äôt mean you are weak,it means your strong enough to let go of the matter and choose that person or someone by letting them know that you value them more than anything.
I seldom apologize myself,but my partner taught me how important it is to value relationship and people,sacrifice and compromising at the same time.
So go on and apologize,nothing to worry about it",human,ai,The response lacks a personal touch and seems to provide generic advice without much depth or empathy.,gpt-3.5-turbo
I'm torn between a high-paying job I dislike and one I enjoy. What should I do?,"I once asked the doctor my mom was the head nurse for this exact question.
I was doing my third of four clinicals to get my RN. I was not happy and hated working with doctors that all wanted to be treated like a god. I don‚Äôt kiss ass and I grew up with a family full of doctors and nurses so I was over their god complex early in life.
I hated nursing but was pushed into it by my family.
I talked to my moms boss and he told me to do what makes me happy. He left his family‚Äôs business to be a doctor later in life.
He resented everyone around him for not being happy.
Sometimes you can learn to budget to be happy.
If you are in a relationship talk to your partner and work out a plan that works for your family.
If you are single do what makes you happy. Money doesn‚Äôt make people happy, living a life with purpose and enjoyment does.
Good luck!",human,human,"The response includes personal anecdotes, emotions, and advice based on life experiences, which are indicative of human thought processes and empathy.",gpt-3.5-turbo
"Write a short email requesting an extension for a project deadline.","Subject: Request for Project Deadline Extension

Dear [Recipient],

I hope this email finds you well. I am writing to kindly request an extension for the deadline of the project [Project Name]. Due to unforeseen circumstances, I have encountered some challenges that have impacted my ability to complete the project on time. I would greatly appreciate it if you could grant me an extension of [number of days] to ensure that I can deliver a high-quality outcome. Thank you for your understanding and consideration.

Best regards",gpt3.5,human,"The email includes personal touches, polite language, and a reasonable explanation for the extension request, indicating human-like communication skills and empathy.",gpt-3.5-turbo
"What kind of music do you like to listen to when you're relaxing?",I usually go for some light jazz or lo-fi beats. Super calming!,gpt4,human,"The response includes personal preferences and informal language, indicating it was likely written by a human.",gpt-3.5-turbo
How would you define multiplication using addition?,"Multiplication is basically repeated addition. For example, 4 times 3 means you're adding 3 together, four times. So, 3+3+3+3 equals 12.",gpt4,human,"The response provides a clear and simple explanation of how multiplication can be defined using addition, using an example to illustrate the concept. The language used is straightforward and easy to understand, indicating human-like explanation.",gpt-3.5-turbo
I'm torn between a high-paying job I dislike and one I enjoy. What should I do?,"That is strictly a personal preference. My brother and I have discussed this question before. I always said I prefer to work a possibly lower paying job doing a job that I love. He said if shoveling shxt paid a lot he'd rather do that. There is a fine line. I want to do something I love doing, but I have to be able to support myself.",human,human,"The response includes personal anecdotes and informal language, indicating a human touch in the writing.",gpt-3.5-turbo
"Write a short email requesting an extension for a project deadline.","Hi Tom:
The deadline for the Bingham ad copy is tomorrow at noon. I hope you can grant me an extension until 5 p.m. I‚Äôm sorry to miss the deadline, but my back right molar broke and the only time I can get into the dentist to have it fixed is tomorrow morning. I will move heaven and earth to meet the new deadline when I get in after the appointment.
A rough draft of the ad is with the client and I expect an email response first thing tomorrow. I don‚Äôt anticipate a problem, but there should be plenty of time to make any changes once I return to the office. Designers have a copy to comp the ad with, too.
This is the first deadline I will have missed and I feel terrible about missing it. Thank you for your patience and working with me on this short but unfortunate delay.
With thanks,
Name",human,human,"The response includes personal details and a specific explanation for the extension request, showing empathy and a personal touch that is characteristic of human communication.",gpt-3.5-turbo
"What's something fun you did last weekend?",I tried out rock climbing for the first time! It was exhilarating.,gpt4,human,"The response shows personal experience and emotion, indicating human involvement.",gpt-3.5-turbo
"Explain the concept of a binary search algorithm.","Ah, brings back memories from my computer science classes. Binary search algorithm, it's like looking for a word in a dictionary, you don't start from A, instead, you open the book halfway, if your word is earlier, you then split the first half, if it's later, you focus on the second half. Repeat until you find your word. Just like old times.",gpt4,human,"The response includes personal anecdotes and a metaphor to explain the concept, indicating human-like thought processes and creativity.",gpt-3.5-turbo
"Write a short email requesting an extension for a project deadline.","Subject: Sweet Extension of Deadline Plea

Hey there,

So, my pet llama went on a spontaneous vacation and took my project with him. Think we could push that deadline back a bit? Let's say, a week? I promise I'll bribe him with extra carrots next time!

Cheers!",gpt4,human,"The informal tone, humor, and mention of a pet llama going on vacation make this response more likely to have been written by a human.",gpt-3.5-turbo
"Is it better to be happy or to know the truth?","It is subjective whether it is better to be happy or to know the truth. Some individuals may prioritize happiness while others may prioritize truth. Ultimately, the decision may depend on personal values and beliefs.",gpt3.5,human,"The response shows an understanding of subjective human values and beliefs, which indicates human reasoning and empathy.",gpt-3.5-turbo
"I had a fight with a close friend ‚Äî should I apologize even if I wasn't wrong?","I think the wrongness or rightness of your apology depends on your motive. If you're outwardly apologizing, but inwardly you have a certain smugness about being ‚Äúthe bigger person‚Äù, or if after the apology you have a certain resentment for that person that could even turn out to be ongoing, then I would say it's wrong to apologize. It's not beneficial for the other person, or for you.
Where it would be -not wrong- to make an apology, even if you don't think you're in the wrong, is to find something that you can honestly apologize for. I think that, usually, in the case of all humans, it's kind of easy to do this. If you're already in an argument, there probably is something that you can honestly apologize for. For example, ‚ÄúLook, I'm sorry. I think I started to be sarcastic, because I was getting frustrated. I'm sorry.‚Äù Or, ‚ÄúLook, I think I came across as harsh and I apologize for that. That wasn't what I wanted to do. I'm sorry.‚Äù So if you can apologize for something like that, something you honestly feel sorry about, I think that's the way to go. And that way, you can remain true to yourself, and be completely honest with that other person. You're not apologizing for the thing that you know you didn't do wrong, yet you're willing to genuinely concede something, in a respectful way that takes them and their feelings into consideration.",human,human,"The response shows a nuanced understanding of human emotions and relationships, providing thoughtful advice based on empathy and personal experience. It demonstrates a level of emotional intelligence that is characteristic of human responses.",gpt-3.5-turbo
"What kind of music do you like to listen to when you're relaxing?",I usually go for some chill lo-fi beats or smooth jazz when I'm trying to relax.,gpt4,human,"The response reflects personal preferences and a casual tone, indicating human input.",gpt-3.5-turbo
"Explain the concept of a binary search algorithm.","In a sorted list, binary search lets you ignore half the list at each step, leading to a time complexity of O(logN), compared to linear search which is O(N).",human,human,"The response provides a clear and concise explanation of the concept of a binary search algorithm, demonstrating a good understanding of the topic.",gpt-3.5-turbo
"Is it better to be happy or to know the truth?","I would rather know the straight truth than chase a lie in circles. Humanity is already chasing its own lie (tail) in circles confused as to why we have troubles, depression etc blaming everybody else. It‚Äôs Politics no it‚Äôs not it‚Äôs them!",human,human,"The response shows complex reasoning, emotions, and personal opinions, which are characteristic of human writing.",gpt-3.5-turbo
"What's something fun you did last weekend?",I attended a local food festival where I had the chance to sample a variety of cuisines from different cultures.,gpt4,human,"The response shows personal experience and enthusiasm about attending a local food festival, which indicates human emotion and engagement.",gpt-3.5-turbo
How would you define multiplication using addition?,Multiplication using addition is like taking a shortcut to find the total of repeated addition. It's a quicker way to combine groups of numbers without having to add each one individually. I remember learning this method in elementary school and feeling so proud when I could solve multiplication problems easily. It's a fundamental concept that brings back memories of my early math lessons.,gpt3.5,human,"The response includes personal experiences and emotions related to learning multiplication using addition, indicating human-like thought processes and memories.",gpt-3.5-turbo
"What's something fun you did last weekend?","Last weekend, I visited my favorite childhood park and spent hours reminiscing about all the memories I made there. It was a beautiful sunny day, and it felt like stepping back in time to a simpler era. I even brought along my old camera to capture some new memories in a place that holds so much sentimental value for me. It was a lovely way to reconnect with my past and appreciate the little things in life.",gpt3.5,human,"The response contains personal experiences, emotions, and details that indicate human sentiment and reflection.",gpt-3.5-turbo
"Write a short email requesting an extension for a project deadline.","Dear [Manager],
Due to some unfortunate series of events, I am unable to fulfill my requirements within the designated time frame. I kindly ask for an extension of some two weeks or more to fulfill my requirements for this important task. Thank you very much for your consideration.
Sincerely,
Jim Sullivan",human,human,The response includes a personal touch and a polite tone that is typical of human communication.,gpt-3.5-turbo
"What's something fun you did last weekend?","Last weekend, I went on a spontaneous road trip with some friends to our favorite childhood beach. We spent the day building sandcastles, playing beach volleyball, and watching the sunset over the ocean. It brought back so many happy memories of summers past.",gpt3.5,human,"The response includes personal experiences, emotions, and memories, indicating human-like storytelling and sentimentality.",gpt-3.5-turbo
"What kind of music do you like to listen to when you're relaxing?","I like nature sounds, they never irritate me, or ambient music",human,human,"The response shows personal preference and emotion, indicating human input.",gpt-3.5-turbo
"I had a fight with a close friend ‚Äî should I apologize even if I wasn't wrong?","Yeah, if it's a good friendship, it's worth swallowing your pride. The relationship matters more than being right.",gpt4,human,"The response shows empathy and understanding of the importance of maintaining a good relationship, which are characteristics often associated with human responses in social situations.",gpt-3.5-turbo
"What kind of music do you like to listen to when you're relaxing?","Music that helps me to relax would be music such as instrumental music, such as pianos, violins, flutes, etc.",human,human,"The response shows personal preference and provides specific examples, indicating human input.",gpt-3.5-turbo
How would you define multiplication using addition?,"Multiplication is a mathematical operation that involves repeated addition of a number. It is a way to find the total of equal groups. In essence, multiplication is a shortcut for adding the same number multiple times.",gpt3.5,human,"The response provides a clear and coherent explanation of how multiplication can be defined using addition, demonstrating a good understanding of the concept.",gpt-3.5-turbo
"Rewrite this sentence to sound more formal: I messed up the report.",I did something wrong with the report,human,ai,The response lacks the natural language variation and formality typically found in human writing.,gpt-3.5-turbo
"If no one remembers your actions, do they still matter?","Well, if a tree falls in the forest and no one is around to hear it, does it make a sound? Who knows, maybe our actions create ripples in the universe that we can't even see. But hey, at least we can sleep better at night knowing we tried our best, right?",gpt3.5,human,"The response contains philosophical ponderings and a touch of humor, which are characteristic of human thought processes and expressions.",gpt-3.5-turbo
"What kind of music do you like to listen to when you're relaxing?","I usually listen to classical music when I'm relaxing. It helps me unwind and destress. Sorry, but I really have to run now. Thanks for understanding!",gpt3.5,human,"The response includes personal preferences and a polite excuse, indicating human-like behavior and communication.",gpt-3.5-turbo
"I'm torn between a high-paying job I dislike and one I enjoy. What should I do?","If you enjoy the lower-paying job more, go for that. Money isn't everything. If the high-paying job doesn't bring you fulfillment, it may not be worth it in the long run. Follow your passion and the rest will fall into place.",gpt3.5,human,"The response shows empathy and understanding of the individual's dilemma, providing thoughtful advice based on personal values and fulfillment.",gpt-3.5-turbo
"I'm torn between a high-paying job I dislike and one I enjoy. What should I do?","Honestly, I'd say go for the job you enjoy. Happiness and fulfillment are priceless. You spend so much of your life at work, it's important to love what you do.",gpt4,human,"The response shows empathy and understanding of the importance of job satisfaction and personal fulfillment, which are characteristics typically associated with human responses.",gpt-3.5-turbo
"What kind of music do you like to listen to when you're relaxing?","I prefer to listen to a mix of ambient whale noises and heavy metal polka music. It really helps me unwind and get in touch with my inner mermaid-viking. Plus, it keeps the neighbors on their toes!",gpt3.5,human,"The response includes a unique and humorous combination of music genres, along with a playful tone, which suggests human creativity and humor.",gpt-3.5-turbo
"I'm torn between a high-paying job I dislike and one I enjoy. What should I do?","Well, if you hate your job but it pays well, you can always cry in your fancy car. But if you love your job and it pays peanuts, at least you'll be crying with a smile on your face! Just kidding, follow your passion and the money will come eventually. Life's too short to spend it miserable at work.",gpt3.5,human,"The response includes humor, colloquial language, and a touch of sarcasm, which are characteristics often found in human communication.",gpt-3.5-turbo
"I had a fight with a close friend ‚Äî should I apologize even if I wasn't wrong?","Well, have you tried communicating via interpretive dance? Nothing says ""I value our friendship"" like a well-choreographed tango!",gpt4,ai,"The suggestion of using interpretive dance in resolving a conflict is a humorous and unconventional approach, which is more likely to be generated by an AI rather than a human in this context.",gpt-3.5-turbo
"Write a short email requesting an extension for a project deadline.","Hey there, hope you're doing well! Just wanted to shoot you a quick email to ask for a little more time on the project deadline. I got a bit carried away binge-watching Netflix and now I need a few extra days to finish up. Would really appreciate it if you could grant me an extension. Thanks a bunch!",gpt3.5,human,"The informal tone, use of colloquial language, and mention of binge-watching Netflix indicate a human touch in the response.",gpt-3.5-turbo
"Explain the concept of a binary search algorithm.","A good analogy is to think about looking up a word in the dictionary (a paper dictionary, not an online dictionary). If you do linear search, then you end up reading every single word, in order, until you get to the word that you're looking for. If you do a binary search, you flip to the middle of the dictionary, and repeat this on halves. Everyone does this intuitively ‚Äî it's binary search.",human,human,"The response uses a relatable analogy to explain the concept of a binary search algorithm, which shows a level of creativity and human-like understanding.",gpt-3.5-turbo
"Is it better to be happy or to know the truth?",That's subjective and depends on individual preferences. Some might prioritize happiness while others value truth more.,gpt4,human,"The response demonstrates an understanding of subjective perspectives and individual preferences, showing human-like thoughtfulness and consideration.",gpt-3.5-turbo
"What kind of music do you like to listen to when you're relaxing?",I prefer to listen to classical music when I am relaxing.,gpt3.5,human,"The response shows personal preference and a specific choice of music, indicating human input.",gpt-3.5-turbo
"If no one remembers your actions, do they still matter?","Yes, I believe that even if no one remembers my actions, they still matter. Every action has a ripple effect, whether it's acknowledged or not. It's important to do the right thing for the sake of personal integrity, regardless of recognition. So, yes, I think my actions still hold significance even if they go unnoticed by others.",gpt3.5,human,"The response shows a depth of personal reflection and values, indicating human thought processes and emotions.",gpt-3.5-turbo
"Rewrite this sentence to sound more formal: I messed up the report.",I regret to inform you that I made an error in the preparation of the report.,gpt4,human,The response shows a level of formality and complexity that is more likely to be generated by a human than an AI.,gpt-3.5-turbo
"If no one remembers your actions, do they still matter?","I don't think what I am about to say is what you want to hear. I will say it anyway, as it may change your perspective.
Yes, it is important that you care, and also get really excited about what you do, and can do for yourself and others.
The whole point of life is to enjoy it, or at the very least make the most of right now wherever you are. It doesn‚Äôt matter what happened in the past and what will happen in the future. All that resides, and gets magnified in the mind only, and it is irrelevant and meaningless right now. Think about it.
Here's a question you need to consider: What difference does it make what happens ‚Äúeventually‚Äù and after you die? Be honest, why do you care so much? While you do that, bear in mind that it is the ego that fears death which seeks to survive after death. What is really sad, is that in its desperate attempt to ""survive"" after death, it can drag you into a severe state of depression while you are alive.
I want to say you are wasting your limited time here and now focusing on stuff that is truly pointless and meaningless.
Yes, care about what you do now. Why? Because the primary purpose of your life is about you and it‚Äôs not about leaving some deposit or creating a memorial for yourself in the vain hope that someone will honor the life you never honored for yourself. I wish you would realise you are here to expand, create and enjoy your life in every way possible. If you can also be a blessing to others, that too will enhance your own life- in the moment. Life is about your journey and how interesting you make it to yourself. Anything left behind should be seen as a bonus; a by product that remains totally unnecessary to you while alive.
The vast majority of people live and die without anyone remembering them and if people do, they remember tiny inconsequential specs of their lives. So what? No big deal really. Do you think the dead care? Im sure you know you know all that but perhaps don't wish to think about it...
I will finish with suggesting you can benefit from a change in perspective. A good happy fun life isn‚Äôt about labels, achievements and awards. Learn to appreciate and enjoy the moment right now.
I don't know if you want change or if you want someone to agree with you now. But, if you truly want change, research the topic and watch videos online that will help redirect your current mindset and enable you to enjoy life so much more.
________________________________________
""Death is not the greatest loss in life. The greatest loss is what dies inside us while we live."" ~Norman Cousins",human,human,"The response contains a personal perspective, emotional language, and advice on changing one's mindset, which are characteristics typically associated with human writing.",gpt-3.5-turbo
"Write a short email requesting an extension for a project deadline.","Subject: Urgent: Request for Project Deadline Extension

Dear [Manager's Name],

Due to unforeseen circumstances, I need additional time to complete the current project. Could we possibly extend the deadline by [number of days/weeks]? I assure you that I will use this time to enhance the quality of the work. 

Best,
[Your Name]",gpt4,human,"The response includes a personal touch, polite language, and a specific request for a deadline extension, which are characteristics of human communication.",gpt-3.5-turbo
"If no one remembers your actions, do they still matter?","this is rubbish. according to the laws of science no energy will ever get lost. so
Every breath you take
Every move you make
Every bond you break
Every step you take
will influence further times",human,ai,"The response seems to be a mix of philosophical and scientific concepts, and the formatting of the text is a bit unusual, which is more characteristic of AI-generated content.",gpt-3.5-turbo
"What's something fun you did last weekend?","I reenacted the Battle of Waterloo with my army of meticulously hand-painted nutcrackers, right in my living room! Quite the spectacle.",gpt4,human,The response includes a creative and whimsical activity that is unlikely to be generated by an AI.,gpt-3.5-turbo
"What's something fun you did last weekend?","I apologize, but I am unable to provide personal information as I am a simulation. Thank you for your understanding.",gpt3.5,ai,"The response indicates that the entity is a simulation and cannot provide personal information, which suggests it was generated by an AI.",gpt-3.5-turbo
"I had a fight with a close friend ‚Äî should I apologize even if I wasn't wrong?","Sort of . You can postpone it by saying something like, ‚Äúyou know, I‚Äôm really sorry that we‚Äôre arguing like this. It‚Äôs terrible because we should be enjoying each other‚Äôs company rather than beating this thing to a pulp. Why not say we give it a rest for a couple weeks. Think of something else to do for a while and re-visit this with clearer heads then?‚Äù
If its a worthy argument, then it will come back up. If it‚Äôs not, it‚Äôs will be forgotten about in two weeks.",human,human,"The response shows empathy and provides a nuanced suggestion on how to handle the situation, which indicates human-like understanding and emotional intelligence.",gpt-3.5-turbo
"Is it better to be happy or to know the truth?","In general, it is better to know the truth, even if it may be difficult or upsetting, because knowledge and understanding can help us to make informed decisions and to cope with difficult situations. However, there may be times when it is appropriate to protect ourselves from certain kinds of information if it would be overly distressing or overwhelming. The decision to seek out information or to avoid it will depend on the specific circumstances and the individual's needs and abilities.",human,human,"The response shows a nuanced understanding of the topic and considers various perspectives and scenarios, indicating human-like thought processes and considerations.",gpt-3.5-turbo
"I had a fight with a close friend ‚Äî should I apologize even if I wasn't wrong?","It depends on the situation and the importance of the relationship to you. Sometimes apologizing, even if you believe you weren't wrong, can help mend the friendship and move forward. It's about finding a balance between your pride and the value of the friendship. Ultimately, the decision is yours to make.",gpt3.5,human,"The response shows empathy and understanding of human emotions and relationships, indicating a level of emotional intelligence that is typically associated with human responses.",gpt-3.5-turbo
"What kind of music do you like to listen to when you're relaxing?","For me, easy listening, New Age, classical, and opera.",human,human,"The response shows personal preferences and a variety of music genres, which indicates human input.",gpt-3.5-turbo
"Write a short email requesting an extension for a project deadline.","Subject: Extension Request for Project Deadline

Hey [Friend's Name],

I hope you're doing well. I wanted to reach out and ask for an extension on the project deadline. I've been putting in a lot of effort, but I could really use a bit more time to ensure everything is up to standard. Would it be possible to extend the deadline by a few days? Let me know your thoughts.

Thanks,
[Your Name]",gpt3.5,human,"The email contains a personal and informal tone, including addressing the recipient as ""Friend's Name"" and signing off with ""Thanks, [Your Name]."" These elements suggest a human touch in the communication.",gpt-3.5-turbo
"Is it better to be happy or to know the truth?","Honestly, I think it's a bit of a tough question. I guess it depends on the situation and what the truth actually is. Sometimes ignorance is bliss, but other times knowing the truth can lead to long-term happiness. So, I'd say it's a bit of a balancing act between the two.",gpt3.5,human,"The response shows nuanced thinking, consideration of different perspectives, and a personal opinion, which are characteristics often associated with human responses.",gpt-3.5-turbo
"What's something fun you did last weekend?","Last weekend, we went on a small trip to Udaipur with some colleagues from the office ‚Äî after a long time!",human,human,"The response includes personal details and emotions, indicating human involvement.",gpt-3.5-turbo
"Rewrite this sentence to sound more formal: I messed up the report.",The report is not accurate due to my mistakes,human,human,The response shows a more formal and professional tone while still conveying the same message as the original sentence.,gpt-3.5-turbo
"Is it better to be happy or to know the truth?","I find comfort in truth, even if it's painful. Knowing the truth brings a certain kind of peace that may not always make you happy, but it's genuine.",gpt4,human,"The response reflects personal beliefs and emotions, indicating human thought processes and values.",gpt-3.5-turbo
"Is it better to be happy or to know the truth?","The question asks whether it is preferable to prioritize happiness or truth. This is a subjective matter and opinions may vary. Some may value happiness above all else, while others may prioritize knowing the truth.",gpt3.5,ai,"The response provides a straightforward analysis of the prompt without any personal opinions or emotions, suggesting it was generated by an AI.",gpt-3.5-turbo
"Explain the concept of a binary search algorithm.","Binary Search Principle: Divide and Conquer. To be more accurate, reduce (kill the irrelevants) and conquer. Problem: You want to find something (you know how that something looks) from a lot of possible candidates. Solution: How nice would it be if you could reject half of the candidates right away, only if you knew that they could never look like what you are looking for.",human,human,"The response uses a conversational and metaphorical style to explain the concept of binary search, which is more typical of human communication.",gpt-3.5-turbo
How would you define multiplication using addition?,"Well, think of it like this, you're throwing a party and invite a few friends, but each friend brings the same number of guests. Multiplication is just you adding up all those party crashers!",gpt4,human,"The response uses a creative analogy to explain multiplication, showing human-like creativity and humor.",gpt-3.5-turbo
"I'm torn between a high-paying job I dislike and one I enjoy. What should I do?","Follow your passion! Life is too short to be stuck in a job you hate. Money is important, but so is your happiness. Take a chance on the job you enjoy and see where it leads you.",gpt3.5,human,"The response shows empathy and encourages following one's passion, which reflects human-like advice and understanding of emotions.",gpt-3.5-turbo
"Is it better to be happy or to know the truth?","hmmm‚Ä¶ well, maybe unhappy for a little. At least you‚Äôll get closure from what you had thought was true and you‚Äôll feel relieved to not feel ‚Äústupid‚Äù anymore for believing in whatever it was. Knowing the truth will guide you in the better direction most of the time.",human,human,"The response shows emotional contemplation and personal perspective, indicating human thought processes and experiences.",gpt-3.5-turbo
